Designator,Footprint,Quantity,Value,LCSC Part #
C1,1206,1,100uF 10V,C15008
"C10, C11, C2, C3, C4, C5, C6, C7, C8, C9",0603,10,100n 16V,C14663
"D1, D2",D_SMA_Handsoldering,2,SS16,C2480
FU1,0805,1,Polyfuse 500mA,C269102
J3,MicroSD_CUI_MSD-4-A,1,Micro_SD_Card_Det1,C52750848
J5,USB_Micro-B_Amphenol_10118193-0001LF_Horizontal,1,USB_B_Micro,C6798311
R1,0603,1,1k,C21190
"R2, R3, R4",0603,3,10k,C25804
T1,SOT-23_Handsoldering,1,BS170F,C8545
U1,RaspberryPi_Pico_SMD,1,RPI-Pico,
"U2, U3, U4",TSSOP-24_4.4x7.8mm_P0.65mm,3,SN74LVC4245A,C7859
U5,SOT-23-6_Handsoldering,1,SN74LVC1G11DBVR,C22046
