Designator,Mid X,Mid Y,Rotation,Layer
C1,61.79,-141.49,90.0,bottom
C10,95.0,-144.65,0.0,bottom
C11,108.935,-144.645,0.0,bottom
C2,64.965,-141.49,90.0,bottom
C3,122.115,-131.965,270.0,bottom
C4,122.87,-143.395,0.0,bottom
C5,108.935,-137.1,0.0,bottom
C6,95.0,-137.145,0.0,bottom
C7,81.3,-137.145,0.0,bottom
C8,104.8895,-85.687,0.0,bottom
C9,81.3,-144.55,180.0,bottom
D1,125.29,-131.965,270.0,bottom
D2,135.45,-131.965,270.0,bottom
FU1,135.45,-138.5,270.0,bottom
J3,93.45,-85.5,180.0,bottom
J4,85.92,-158.0,90.0,bottom
J5,113.65,-82.11,180.0,bottom
R1,81.3,-139.61,180.0,bottom
R2,81.3,-142.15,180.0,bottom
R3,95.0,-139.55,0.0,bottom
R4,95.005,-142.105,0.0,bottom
T1,73.23,-140.85,90.0,bottom
T5,138.25,-158.0,0.0,top
T6,138.25,-90.0,0.0,top
T7,20.0,-90.0,0.0,top
T8,20.0,-158.0,0.0,top
U1,103.7,-114.185,270.0,top
U2,115.9,-140.855,180.0,bottom
U3,101.97,-140.855,180.0,bottom
U4,88.04,-140.855,180.0,bottom
U5,123.639,-138.95,90.0,bottom
